title,claps,author
"Transformers Explained Visually (Part 2): How it works, step-by-step",1.1K,Ketan Doshi
5 Tips on How to Land Machine Learning Jobs,236,Rahul Agarwal
10 Examples to Master Python Dictionary Comprehensions,246,Soner Yıldırım
Exploring Deep Embeddings,90,Shairoz Sohail
5 Common Resume Mistakes,144,Tyler Folkman
Raw Image Processing in Python,99,Aryansh Omray
,22,Rithwik Shetty
資料視覺化之 Decision tree (決策樹)範例與 Machine Learning (機器學習) 概念簡單教學(入門),1,Seachaos
9 Examples to Master Seaborn Grids,76,Soner Yıldırım
Turning A Dream Into Reality!,535,Verox
The quickest way to build Dashboards for Machine Learning models,115,Jaswanth Badvelu
Text Classification — From Bag-of-Words to BERT — Part 3(fastText),111,anirban sen
Meta-Policy Gradients: A Survey,83,Robert Lange
Creativity and Dreams with AI: The Year 2020,143,Merzmensch
Broadcasting in NumPy,66,Lev Maximov
Balancing is Unbalancing,456,Ali Osia
Converting Machine Learning Models to SAS using m2cgen (Python),56,Carrie Lo
January Edition: A Better World Awaits,185,TDS Editors
How a simple graph saved someone’s job — Neo4j,17,Prashant Mudgal
Better Machine Learning Systems with Canvas,367,Emre Bilgin
Using Databricks Clusters in ML Pipelines,263,Nofar Mishraki
Methods you need know to Estimate Feature Importance for ML models,21,Summer Hu
Using Machine Learning to Classify Server Incidents,18,Caio Santos Pedroso
Complete SHAP tutorial for model explanation Part 1. Shapley Value,2,Summer Hu
Understanding K-Means Clustering: Hands-on Visual Approach,59,Ruslan Brilenkov
Immediately Understand LIME for ML Model Explanation Part 2. LIME for Image and Text Model Interpretation,27,Summer Hu
7 predictions for data in 2021,29,Boyan Angelov
Complete SHAP tutorial for model explanation Part 5. Python Example,2,Summer Hu
社會網絡分析(3–2) — 透過非負矩陣分解找出群落,9,Edward Tung
,734,Iden W.
Complete SHAP tutorial for model explanation Part 2. Shapley Value as Feature Contribution,2,Summer Hu
Pokemon Classifier Model,32,Meli S
OpenCV — From Import to Face Detection: Machine Learning in Python,39,Divyansh Chaudhary
Complete SHAP tutorial for model explanation Part 4. TreeSHAP,3,Summer Hu
Naive Bayes Classifier - Simplified,8,Mir AbdulHaseeb
Large Scale Distributed RandomForest with Kubernetes Operator,19,Chen Yanhui
Phenomenal Omdena Journey: From Junior Machine Learning Engineer to Task Manager,241,Anushka Sandesara
Visual Wake word detection — on cAInvas,2,AI Technology & Systems
Predictive Maintainance using LSTM -Application based on IIoT,5,AI Technology & Systems
Programming Skills are no Longer an Essential Requirement for Data Science Beginners,24,Benjamin Obi Tayo Ph.D.
Data Visualization II: Machine Learning in Python,95,Divyansh Chaudhary
Visual Studio Code in Google colab,,K. Mahto
How the startup I launched during my studies failed? And why it’s still the best decision of my life,66,Maël Fabien
String Similarity for Fraud Prevention using Levenshtein Distance,11,Michael Taverner
Immediately understand LIME for ML Model Explanation Part 1. Intuition Building,2,Summer Hu
Author Identification with Naive Bayes Algorithm,58,Vinayak Nayak
How to easily understand ER Diagrams,,Evan Gertis
Can I train scikit-learn model 100x faster using sk-dist?,71,Misbah Uddin
Why I’ll be Focusing on Privacy-Preserving Machine Learning in…,212,Arunn Thevapalan
ZERO-SHOT LEARNING,1,Sanjay V
"Image Processing, Computer Vision, Machine Learning With OpenCV",5,Amit kumar
Getting started with OpenCV,20,Shubhang Agrawal
Deep dive into Decision Tree Part I,8,Haneul Kim
What is Google Dataflow?! A Cheat-Sheet.,53,Bruno Aziza
Top 10 Books we read in 2020,15,Bruno Gonçalves
Straightforward Machine Learning Roadmap 2021,1,ReginaOfTech
如何在PPT簡報上繪製深度學習模型的架構圖？ml-visuals或許是目前最精美的解決方案,4,Yanwei Liu
Semi-Supervised Learning,,Dr. Serkan Savaş
How to Run the ResNet and DenseNet Deep Learning Models from Your Computer on Real-Life CCTV,2,Samuel Brice
"Learn Like A Machine, Be Performant",103,ChloeC
Data Exploration & Visualization in Python — Part1,23,Rayon Susan Koshy
Introduction to Movie Recommendation System for Beginners,,Divyesh Prajapati
Future big events prediction - how to build your own Crystal ball using public tweets and LSTM networks,,Walid Daboubi
Hubris in running. EDA and Machine learning for the world largest half marathon.,8,Oskar Handmark
,16,Mj Cheruiyot
Data pre-processing: A step-by-step guide,,Braham
"Akira’s ML News #December, 2020",6,Akihiro FUJII
Getting Started with Computer Vision with Machine Learning,1,Sam Ansari
Starting with Open CV !,52,Vibhav Sharma
Pytorch Mnist Vision App for TinyML devices using cAInvas,1,AI Technology & Systems
Linear Regression,17,Aditya Tiwari
Topics to cover as a beginner in Machine Learning.,53,Sayantan Sadhu
Market Basket Analysis Menggunakan R,6,Nadya Anis F
Deep Learning Libraries,3,Dr. Serkan Savaş
Como Criar um Detector de Faces com Python em 7 linhas,1,Pedro Impulcetto
Computer Vision: OpenCV,,Aditri Srivastava
Thoughts at the End of 2020 and the Beginning of 2021,57,Trusli
What is Shadow Article?,1,Tact Labs
From Artificial Intelligence to Superintelligence: Nick Bostrom on AI & The Future of Humanity,,Uddipan Barman
Using AI To Compare the Effectiveness of Lockdown Procedures,18,Tracyrenee
Step by Step beginners Guide for Machine Learning,124,Anitakumarijena
Autonomous Cars — A quick introduction,,Karthik Bagavathy - AI Blog
Daily Newsletter — 2nd January 2021,42,Hemanth Janesh
KNN- K Nearest Neighbors,,Gauravsharma
Introduction to Machine learning in Arabic,5,Ali Abdelaal
Labelling wildlife objects in images using AI/ML,,Shreyas Gowda
Logistic Regression : Basic intuition,4,Shivam Goyal
Day 2: Double Embedding and CNN-based Sequence Labelling for Aspect Extraction,,Ayu Trisna
Enhance Customer Experience with AI,3,Anmol Dhingra
Reinforcement Learning,,Dr. Serkan Savaş
Deep Learning,2,Dr. Serkan Savaş
,7,Ashwin Hariharan
,1,Harshida
Distance Metrics,,Gauravsharma
Text Detection and Extraction from wildlife images using AI/ML,,Shreyas Gowda
,,Debanjanchowdhury
The Future Of Machine Studying And Artificial Intelligence,,Nipun Pradeep
Demag Type 13/6 PF 12/4 Vinç Yürüyüş Motoru,,Hurdacida.com
"Day 1: A year of GameDev, Data Science, AI,Physics, VR, Simulations and much more…",,Jhon Vergel
吳恩達Machine Learning觀後感（二）：linear regression,,Jeffrey
Machine learning scholar adventure: Chapter 2,,Azuremis
Comenzando con Machine Learning — Deep Learning,,Cristian Alberoni
Mathematics Of Linear Regression,,Vaibhav Sharad Wagaskar
title,claps,author
180 Data Science and Machine Learning Projects with Python,1.4K,Aman Kharwal
Optimal Threshold for Imbalanced Classification,241,Audhi Aprilliant
Understanding the Confusion Matrix from Scikit learn,263,Samarth Agrawal
Natural Language Generation Part 2: GPT2 and Huggingface,40,George Dittmar
Creating Abstract Art with StyleGAN2 ADA,165,Robert A. Gonsalves
CIFAR-100: Pre-processing for image recognition task,95,Chetna Khanna
"Understanding Q,K,V In Transformer( Self Attention)",6,mustafac
,37,Jarar Zaidi
Stock Price Analysis with Pandas and Altair,94,Soner Yıldırım
Enterprise Knowledge Graph Trends for 2021,1.1K,Dan McCreary
How to Present Machine Learning Results to Non-Technical People,217,Vicky Yu
15 Lesser-Known Useful SkLearn Models You Should Use Now,264,Emmett Boudreau
Underspecification: The Dangerously Underdiscussed Problem Facing Machine Learning,160,Andre Ye
How to utilize Feature Importance correctly,182,Nhu Hoang
Data Science Trends Based on 4 Years of Kaggle Surveys,103,Daniel Capellupo
# Image Detection Using Convolutional Neural Networks,53,Melisa Bardhi
Decision Trees,18,Jason Wong
Rewriting SQL Queries with Pandas,111,Soner Yıldırım
Recommendation Systems via Matrix Factorization,85,XuanKhanh Nguyen
Introduction to Matplotlib and Seaborn,3,Shubhang Agrawal
Probability Theory for Data Scientists,84,Soner Yıldırım
Thirty-two Python Tools and Package Libraries to Increase your Machine Learning Productivity,195,"Bruce H. Cottman, Ph.D."
"Comparing using Jupyter Notebook on Google Colab, AI Platform Notebook and GCP VM Instance",102,KahEm Chu
Data Wrangling Solutions — Dynamically Creating Variables When Slicing Dataframes,11,Ujjwal Dalmia
Do You Need To Pay To Learn Data Science?,288,Bharath K
NLP Transformer Unit Test,3,mustafac
NLP Transformer Models Used In Higher Order Semantics,52,Negoiţă D. D. Felix
2020 in Review: 10 AI Failures,13,Synced
Use Correlation to predict Market Index,15,Matthew Leung
Data Visualization using Python Part-II,438,Tanvi Penumudy
Machine Learning Interview Preparation,47,Aman Kharwal
Now AI is Knocking On The Doors of Luxurious Hotels,103,Nishu Jain
Deep Learning Is Becoming Overused,17,Michael Grogan
Hierarchical Clustering in Python,3,Mazen Ahmed
Gesture recognition using TinyML devices — home automation applications,14,AI Technology & Systems
Data Visualization using Python Part-I,408,Tanvi Penumudy
Is that Red Wine Good Enough?,10,Arafath Hossain
Traingenerator — Code Generator for Machine Learning,66,Ravi
Cleaning text data for Machine Learning using Python,17,Damanpreets
"A Complete Introduction To Time Series Analysis (with R):: Estimation of ARMA(p,q) Coefficients (Part I)",1,Hair Parra
Object Detection using Yolo v3,14,AI Technology & Systems
Data Visualization: Machine Learning in Python,59,Divyansh Chaudhary
How Self Attention works in Transformer,,mustafac
Model Deployment with Flask/Part-2,462,Mehmet Simsek
2020 in Review With Johan A.K. Suykens,10,Synced
Keeping up with data — Week 53 reading list,281,Adam Votava
Author Identification using Naive Bayes Algorithm,100,Vinayak Nayak
Tired of ‘2020 Recaps’?! Here is How to OWN Your 2021…,51,Bruno Aziza
Starting with Matplotlib and Seaborn !,55,Vibhav Sharma
KEY FACIAL POINTS DETECTION AND FACE RECOGNITION,1,AI Technology & Systems
การใช้งาน Machine Learning บนอุปกรณ์มือถือ,19,Nisit Sirimarnkit
Human Activity Recognition App using deepC and cAInvas,4,AI Technology & Systems
Start with Docker for Data Science,41,Elfao
Need for Stretch — a DL-based Work Break Reminder,50,Irene Z
PCA and NMF: A QUICK WALKTHROUGH.,,IQBAL SINGH
Epigenetic Topic Modelling of Oncogenes,50,Vansh Sethi
,10,Tanya Gupta
How to Increase Conversions With No-Code AI,115,Obviously AI Team
Stay hungry…,5,Arshi Faruqui
A Breakdown : Combining Rating and Review Data by Initializing Latent Factor Models with Topic Models for Top-N…,,Siya
Top 10 arXiv papers in 2020 according to metacurate.io,2,Fredrik Olsson
Introduction to the World of Machine Learning..,17,Vishal kalantre
A Simple guide to Seaborn with Python,2,Aditri Srivastava
Decision Tree dengan R,1,Ridhwan Mustajab
HDSC Stage F OSP: Food Delivery Time Prediction,25,Precious Adedibu
Logistic Regression - OneVsRest,1,Manju Bnm
Improving Image Resolution with Autoencoders,1,AI Technology & Systems
Deploying a machine learning model using flask + vue.js,,Debby Ling
Artificial intelligence can be used to compare Coronavirus statistics of China and Taiwan,,Tracyrenee
How AI Could Help Predict and Reverse the Effects of Climate Change,180,Alina Ahamed
Overview: Building an Apartment Rent Pricing App,150,Steven Kolawole
Bitcoin’s fate with Machine learning..!,70,Sara karim
Python’da Machine Learning Kullanarak Lineer Regresyon Modeli Tahmini,1,Mehmet Soyer
The Increasing Importance of Machine Learning in Distance Learning,,Efe Buyuk
A Story About the Apple Card and Algorithmic Biases,,Anna Kato Ipsen
Data Visualization with Matplotlib,2,Aditri Srivastava
Daily Newsletter — 1st January 2021,5,Hemanth Janesh
MULTI-COLLINEARITY,32,Shailabh
Machine Learning,,Dr. Serkan Savaş
A gentle overview of the Deep Learning and Machine Learning,,Matteo Testi
How To Choose Machine Learning Models For Your Businesses — Infiniticube blog,1,Praveen
Artificial Intelligence,,Dr. Serkan Savaş
"For me,2021 is the year of projects",,Nabi Nabiyev
Random Forest in Bytes,,Sudhanshu Shukla
Decision Tree in Bytes,,Sudhanshu Shukla
Top 5 Machine Learning Trends you Should Know in 2021,,BoTreeTechnologies
Season 11 will make you want to play more aggressively.,1,Jaekang Lee
A data scientists’ approach to building a portfolio,1,Nicolai Herforth
Machine Learning or Artificial Intelligence: What is More Relevant for Digital Transformation?,55,RapidFork Technology
Explain the Randomness of Random Forest Machine learning Algorithm,,Dhiraj Kumar
AI 2020 Year in Review and 2021 Predictions | AI News,,Alex Castrounis
peer baba in pakistan Real peer baba pakistan Authentic peer baba in pakistan Amil baba 2021,,noori ilam ka mahiraazm
Optimization for Training Deep Models-3,,Siya
,,Martin Thoma
Normal Distribution vs Probability Distribution,,Dhiraj Kumar
AI MARKETING AT A GLANCE,,Mihir Rathod
What the hell is an AI factory?,,Vamshi_crishna
,,Lucas chang
THE JOURNEY S0 FAR,,Firdaws Ele-Ojo Yahya
,,Lawrence Alaso Krukrubo
